sensor_temp,vibration_freq,pressure_psi,machine_failure
82.90360006580838,62.731994758336356,145.16948755453046,1
91.08491648678078,58.20728736218695,121.60928799144868,0
88.67199798775388,52.74918416481649,115.59852896530032,0
84.68528629796316,58.994806140666824,114.00862828520974,0
100.09523992698854,58.82064267733161,97.30080796263341,1
55.33246931259269,65.2439721983562,100.43176650623836,0
90.09887247921195,61.546952212299104,139.27375177312626,0
92.17738706658979,68.06155763951774,112.89175695321421,0
96.4696286825517,65.98744270019087,120.33101551405295,0
84.35128558946639,57.71752195247952,89.33504285698388,0
87.07920067383958,51.02435401690066,100.22861946306742,0
94.85948383314721,66.9278761697074,129.14718779812128,0
99.9116640428018,66.79692611615371,125.6656764017075,0
81.99464014821231,53.16894204548887,146.30062798086473,1
87.6697578312756,67.54620009913751,140.1443449744684,1
101.78573964348757,61.91058585296259,116.53933541272765,1
63.75972924121149,60.803427490628266,127.09430347069906,0
78.09987400185415,68.07391627123664,115.25094835645389,0
99.65835978602964,66.72342586615308,150.82214727957972,1
95.92537833608303,63.256654759976016,137.235220440786,0
90.22445210926695,62.36608532905991,122.54527636286628,0
80.5140312689088,63.08197145265179,123.00592177314527,0
76.18181501014581,57.99971283058737,141.6727543088971,1
79.08784380757626,59.724492751338396,128.6936677067077,0
100.48008220818693,55.488414227027285,143.37942025605128,1
78.71557310844653,58.334801121305404,87.0952811061169,0
86.01422964239657,58.16683060665534,126.91842392248198,0
77.46292355138254,56.823473151891676,112.26847702977922,0
93.42774030099027,60.68373251324232,146.3456698144199,1
79.61273719653559,58.38009574649711,143.19598030784744,1
84.02406109845586,62.51117360175987,120.4925371365196,0
68.16617866957174,51.88839693353117,143.03446468216546,1
68.8663176379506,59.433226029463505,146.7467177998876,1
85.07673193321506,60.65775820088748,121.1161000788922,0
71.74842844802238,58.446853800815596,157.07900658647787,1
106.05086639334502,59.138036500953845,119.52988270995417,1
64.38476887887751,52.073769946350716,116.78218574496137,0
76.99824701335896,61.78238552334746,132.98808882876514,0
85.16700867267551,63.23802991283535,114.69313903286529,0
81.34867062204215,62.46768647101884,121.2800966369234,0
73.95854543336081,65.19363529721092,141.14151636076366,1
75.42072160504732,61.00764802891251,120.28828278325905,0
75.09345922500762,62.39340590325469,94.57473310537038,0
82.13278305179936,60.78045369228426,125.50979081773795,0
104.51929089517424,63.43775359796247,109.55559631421409,1
85.7793729655821,52.11385181933939,132.9790673594182,0
96.82900489387524,55.53209516010995,130.4428457373937,0
90.06976345828141,67.93449828516546,142.07100522249783,1
96.1386239798222,47.69782088951897,133.61298451189046,0
57.00035697406414,59.29911035087328,136.35366425487098,0
81.9554197885177,65.86137479804034,109.9635485979343,0
98.07135423150714,59.53369667229118,132.05979743835755,0
79.28264177250666,57.974944642746514,149.52676934040437,1
102.62473164869613,60.6471083840765,109.6702513704485,1
99.83890153767761,58.23439909998777,146.99607437590646,1
80.30869283872538,60.1542474637847,111.75974863198005,0
79.96836480953644,56.58309481739935,107.22043132425038,0
74.86394157645532,65.54337209977862,124.44300665032257,0
78.70405768136203,67.1163246053283,130.73865624193215,0
72.67410935831084,59.333048389441885,133.67625185958397,0
89.28811180433006,53.06755289654379,105.57356368840198,0
70.43953506653567,57.38078414843302,126.51810145881436,0
91.03733016190222,59.080056699485176,109.71668142774742,0
91.28078696900249,62.52769438451604,97.66616615894135,0
68.38795594816077,54.95993388414661,106.06895526700823,0
100.4981860632834,56.154188406789245,108.73649451066272,1
90.13609294415222,62.55338068929404,127.8239274052876,0
92.49698021444868,64.6945441601978,137.28320494603003,0
77.41334798457228,56.89202977414658,97.901900551871,0
91.22379118473118,53.33391473024502,125.27941611312083,0
96.26393449722066,76.42059100643942,102.3495272134364,1
84.01391600995322,63.91652118544357,129.43628113521,0
105.01922459248361,58.66498119116484,110.65904128494378,1
85.44064634912938,64.3451563776542,104.23006472965082,0
96.40785800452474,59.37771685142789,131.99496773021363,0
87.93008807258656,64.33578444550093,111.19616091832357,0
90.85521532856868,60.79696598888111,115.26054072970953,0
68.28667732365227,60.45635949083787,86.70016368665435,0
88.71053738215363,59.43209065884606,134.1982704213521,0
77.65024898742735,52.76309333268455,132.3136278175366,0
76.53601694222313,69.69047449696569,120.08186766421971,0
102.44103184465979,55.292330398661285,97.08628587966362,1
82.86229751937651,53.19988211844703,138.14053767502145,0
74.96698169024503,58.93570058621816,110.00604920458814,0
81.40868371891125,55.19264093244747,113.19969824849117,0
71.99549771078087,59.74143604719865,154.68066084539296,1
99.3388446819627,63.43881924280884,109.44545333836156,0
78.04319255833485,64.97651450264611,131.1331494363975,0
90.29299933943669,64.0736536081084,128.43138393123925,0
98.56106714210325,58.4718397260716,125.85258289320127,0
79.99847318785271,60.24795913830793,124.23000813831766,0
90.32022432272785,62.03939525448745,125.64582842833799,0
74.6991394509557,51.21106288028964,124.07910886410811,0
109.45769569113685,62.852923500599296,119.22122461835909,1
94.36380134616623,52.713503562080845,142.66924686166112,1
83.07393561239194,70.20173299453245,100.31009158801083,1
77.27166269111036,57.97742457679152,135.32187156023065,0
83.86003447160374,59.07562411402704,132.3351344803133,0
81.60016277648481,56.15146450381072,130.47598681994103,0
104.52944553999507,56.85014984072155,136.75469141460192,1
72.74465277785097,71.3704678457162,118.6110090709741,1
86.34801423290203,64.70184844311649,91.96538886259685,0
84.8166193336629,52.25398777426081,118.9156101042827,0
83.82589699655131,67.52106450342615,105.13208673563169,0
83.91383345061658,65.96621137570716,109.02211185212904,0
83.83929189879517,58.593937688558555,101.36370489251382,0
93.730660663321,61.53348471014919,112.83982712334249,0
91.08984446492435,59.925279602894626,111.05064459024827,0
89.18911611372786,69.86289952223466,84.33645255109346,0
54.66010637854731,56.01854905503955,130.50332866923435,0
87.99794874163163,60.73005304887864,153.30482787007324,1
68.44360639829918,57.85927334503597,129.09355790244433,0
91.46320163135826,52.83479797691073,116.95614065198659,0
99.74497367570515,70.95819127527494,119.17880406485676,1
75.73760887411449,54.09216710448794,113.68521197980236,0
82.38219277657294,61.10064593743888,121.35062375800437,0
79.00644294947003,51.296496968098324,119.44487858890149,0
97.35431775756801,58.00464730378453,107.38427354402558,0
85.95027885272073,62.10984410716729,145.24332583421747,1
102.28329380566333,55.87633010248818,97.69268646435344,1
89.13754202947388,62.934009253678276,130.7749731479137,0
87.4245018063582,58.654794540559585,118.48203559023702,0
85.68206782602836,65.80041256199307,148.51247722598617,1
93.17992099257337,66.80880456670111,125.11296898872332,0
67.62313801754657,57.06627619634994,114.60141694225128,0
85.8534395552051,60.38366429696478,116.28439202348254,0
84.29953556272035,60.917271132361165,120.59860041779642,0
92.25418827157766,63.09674647717349,102.85813957505398,0
83.12298394125963,60.07190998122133,108.49695712323133,0
74.6126556583733,60.95105479671421,93.22584046212214,0
85.073506749197,58.7829676260244,106.15534652438859,0
74.17159471131657,60.57619933486009,121.40859722490674,0
65.74737787412515,66.48970096767566,124.50262573926781,0
92.27122481485493,63.230416206059274,90.31005457505397,0
90.79061572694671,63.506278197216844,117.941824454337,0
89.67090943993574,63.61535162067789,128.451149262332,0
98.0292842194581,59.230956110594825,117.55631709935648,0
78.34968109696075,61.59413521789765,110.493170313333,0
70.68885857228744,54.57413160832128,113.8175828242768,0
84.29970223191955,66.34403828158479,111.88854967534166,0
81.52499700294089,46.0851978382839,110.44904161337914,0
76.57704283229931,59.564258038322876,122.60735287867273,0
84.20150846512205,65.70447988575137,154.61532341603177,1
78.88394853795415,53.18066033185329,108.84450124642225,0
66.63994716643168,61.99889958808426,115.2278605100786,0
80.5882330920624,56.596167767104866,119.22453090937152,0
73.63624833296143,58.155983674055655,109.68968348462559,0
87.31648071610923,64.7297048031972,136.47353705285138,0
78.43965241759345,60.99028462942575,84.43671940040343,0
96.11631474141052,49.82822066057818,112.03411244431986,0
101.03866067267866,55.117872301342004,132.27470604479942,1
91.79381373011906,64.8766786744438,115.58858537417049,0
69.4897381801668,62.24471359096499,107.68741561724563,0
100.0519599887904,68.74067786262142,126.61135131658146,1
100.75720450373765,68.41323797006649,133.5951485309573,1
85.18790511307941,58.28877434926604,123.15953167822587,0
98.22926160335533,72.51618902534744,107.98169460280675,1
79.48324861953321,60.122398349259555,126.84304978727614,0
66.3375406515041,55.186657327954876,113.96926049587815,0
77.39715561378407,56.831800670447116,131.1778032284074,0
102.29300866044757,48.716374473552904,142.24888327284887,1
70.08920076388526,68.03509504124641,80.916348664672,0
84.99521281931494,67.97380994521932,121.66601209793448,0
85.34143893340212,54.92246280593339,93.9639909457856,0
79.87025756032187,58.860578558090474,156.62682877994655,1
80.56478400162885,60.47803772056289,112.97813199305715,0
85.72249134236203,55.19823473928943,131.19559862738058,0
79.37837658065273,51.22448984364419,119.47024710607657,0
70.77941502832068,58.94821198111544,107.9537312892141,0
87.15031942943456,58.39460285270376,106.1692042923386,0
95.73366582444973,58.057943795056126,143.78518759651138,1
93.69572518653422,61.113580313004825,134.33907090267465,0
76.90264532610189,67.14759829262997,149.15376131066344,1
72.48772084622324,58.48453640154137,120.83180002736549,0
82.15812117845222,60.852214993606815,124.31879431869001,0
100.67791509795664,63.63435261872468,115.99212651517068,1
91.45598078959546,62.770714632563745,115.69376695327486,0
92.03964676794233,56.92788237776079,104.37169601283948,0
93.89856951785495,60.48188561557018,121.26015286386527,0
89.20766562518587,62.73769910084527,108.16130107670705,0
86.20608547613578,54.35824331244611,126.62863383246304,0
91.62306896647968,66.31769505398255,122.55015328470314,0
79.5383389578198,67.15794452607055,124.31523065513584,0
70.85536988633679,56.38609872277753,145.12694909535338,1
92.22996934624324,60.968350091740845,119.43423075351613,0
97.37738105749224,63.211391283355155,131.35090504280143,0
73.8176806064397,57.271929218356235,150.7726419612837,1
93.219214824159,62.408069228440475,139.5992560394257,0
101.8076571338819,60.81627813146083,137.29754547682268,1
84.97753798242879,52.660409111806,115.3996767671925,0
76.81997815258254,62.29580657989279,123.44464583351696,0
86.23018673526755,54.499287918644825,100.22585561955087,0
79.49466031799298,64.69601425831024,127.48371601446621,0
78.83269890043599,56.64394462433056,124.11690266420763,0
89.33184067271543,59.193572831694276,120.35077687734271,0
68.96270524970105,66.86139456723288,135.4079218236429,0
70.56071077507772,62.48190823264422,101.88337766363405,0
85.19290880373943,54.602630402127275,144.5229427674052,1
84.77691461087569,54.925417146004584,133.52647031910425,0
88.43554577039936,57.00348605688137,118.9404903052204,0
103.75225388483389,61.97322041678333,117.76905618273909,1
86.04514036075821,61.79149907466384,127.20916822872891,0
90.98172150334794,55.78448847668565,142.8127684809567,1
75.24467064385368,54.163952571928206,121.52411578035016,0
92.67937663516537,61.40791702542917,122.1604635296884,0
79.73609134889323,59.090699671049194,120.27177716438807,0
85.71420832581093,70.78607943723868,146.7303616905221,1
83.91151374930838,60.1830182828154,114.46675345594464,0
95.3297423491403,69.07126413850138,119.55738602071393,0
71.90023445625,54.1480820094783,141.95153481391492,1
62.16761365384961,52.13393530219146,122.20516250419296,0
82.86567302912076,54.39957433737233,137.05588290068283,0
89.68531256905123,65.94564890726733,106.33079914645562,0
86.522693758075,68.78050794846767,116.92061217557229,0
97.32204237413912,56.08910273023683,142.26651057660342,1
89.37372674179669,57.69716985120221,109.85490426354681,0
79.3615166814014,54.1550954489375,117.73051440345439,0
61.7457984586032,50.941800764408065,123.85027846337218,0
82.62687765804782,63.59205848888315,105.1626822301052,0
95.27959002257798,61.11510151481082,113.79284822067154,0
81.07952217332885,60.052439913369376,121.6895502273846,0
85.28320263677765,52.9997173141831,120.70022601242943,0
89.21360254306708,68.19978340914331,139.20528031255702,0
74.84707625750184,57.483216309752635,143.1218579224838,1
91.23235896638818,62.668132124082376,107.15872691998634,0
101.37121790001706,52.727192973776376,121.66902778751235,1
83.27186648106594,59.047374051899816,130.1137246263715,0
73.70935578167698,61.45687228119292,142.74521198698795,1
84.33398972978026,61.63537609026654,130.77735445975694,0
62.756158913911314,60.77324271618313,124.36370102388497,0
88.36903263976616,62.472612460243866,129.99813797973945,0
89.52274377648578,54.34739771983519,130.1065325150439,0
101.75636293845562,60.986863027198304,106.08428561573447,1
83.06005207433375,60.568788417401386,122.89198188759403,0
89.0848533814647,61.158363420975306,141.88741491283037,1
76.38711897614098,60.36172608659591,116.88964846958993,0
81.43572879474921,53.633936130433014,121.94169963821166,0
69.74814563337802,53.41100123945513,116.36225325710967,0
83.05210378716764,48.92865907057724,85.29210756589688,0
81.94690846481436,64.08767254922648,120.30885265852018,0
87.99199766088896,64.13828754867599,124.5268789597931,0
78.76403119667361,64.2177514561106,112.31259913678647,0
85.83345350975092,61.533949812307256,102.68044576672908,0
81.66619944392335,49.334403911409446,106.79090310327526,0
81.68500611700486,54.86644754107367,131.46281424203346,0
85.8036232596303,60.85207708796556,149.58787159570358,1
85.4052294231701,60.67759001395898,140.73650011358149,1
92.61174039051639,58.88625893423989,99.83480992754173,0
83.79356965870166,61.844586014541235,132.81940965826055,0
81.50114650876996,60.05825853842623,110.05256436286065,0
83.19192554912775,60.60385232775681,111.26599406236835,0
77.85335883159007,56.80467333583992,113.07036603043073,0
81.40088906433328,64.91005493060796,130.59100424783145,0
105.3115871307323,57.84614195659808,134.38880064673558,1
75.87321239304133,53.34675458489687,118.52953393080318,0
82.21343666120691,56.14500493590636,118.78393888487963,0
81.1251133673031,58.2576690431901,126.9639561485369,0
82.528283877556,64.97001394184423,128.51991809286363,0
81.68760691121605,59.78866000782603,137.64338560137793,0
87.79240101221,59.06925890517176,100.73442036736202,0
67.89824898608205,53.756682876186865,120.30041009706045,0
95.37171472532005,63.92741294914788,103.97963436163234,0
91.32582799642198,56.74023922988307,119.23586581404895,0
72.57128413936866,59.49986070529332,116.60737068478859,0
62.309227270475986,67.40091538440933,119.29875819145947,0
75.22927853858599,62.54381665524652,108.00385667834202,0
82.57333538572877,51.85872976142413,97.69065310188857,0
110.80291898690774,51.15244881823764,88.58343709927645,1
90.43256964974273,59.67844774940377,118.03229768602739,0
66.92410350818542,53.936296925625975,113.53498341250591,0
78.10344495099056,63.242733738164986,109.86093502794259,0
84.46787563727017,60.211315324824895,139.8382269424749,0
87.53683554298097,60.82692384511932,107.10842719807033,0
71.85251139689578,56.46628409178823,141.25251123208204,1
83.65009772022938,68.70691827643353,144.35765616403884,1
77.82360862389459,74.2129686400523,90.73649299815929,1
73.96241437397683,58.60707638121642,121.38572188498455,0
87.59595646698953,61.76519624207501,114.00455263746014,0
92.73877173442823,60.48708671532156,76.32294082924102,0
93.41041276961619,58.70156568279466,98.33038120397379,0
90.74386351133876,55.839647661336016,131.62404160662712,0
80.02630466859738,54.57516006259762,150.28798879066898,1
92.14549761463506,54.32201367237238,133.54017214048872,0
88.09054438104287,62.026200127745724,124.85448708769466,0
86.33941882952013,57.401627608981826,119.6800142755337,0
78.88306878298202,47.108535749297346,145.2399437197217,1
80.03123872658472,62.224291102991614,152.2235880293646,1
85.73886936124553,59.80869358767922,111.1973598071372,0
109.398744669855,66.73336500700573,90.00020159534563,1
88.0124248009139,61.86561198545505,88.52718805093198,0
78.88811497749714,52.606632018448515,139.82821488239702,0
76.67610555030558,48.85161679635009,119.2941218883842,0
80.08233387343797,56.40263807831031,122.74862865688078,0
106.77293447549066,56.87446289653174,93.14023510564931,1
81.00743354054038,64.71579600500084,108.702166308173,0
94.06870534610285,59.95564533855213,115.56778779148827,0
81.24071754528643,65.66844249049254,123.11757575046106,0
87.61184541279628,53.375834721486825,114.02111941629362,0
92.91745274008723,64.82632192190223,104.44010702547986,0
79.28097150190077,63.6049457671546,108.23149511096216,0
78.58888345847231,49.90882944284402,138.1248492892085,0
101.5886969445533,66.61308920630387,123.6717692940525,1
94.84592894895798,60.467292458831764,129.18235210433326,0
92.90672318690729,61.96022251934253,106.51689283684006,0
92.87276293122915,55.675519437857886,75.69264771899063,0
89.59575488311066,66.37623506460986,112.15343539673256,0
105.17775813175065,54.07073835380565,107.00144168361756,1
85.43908301877157,64.16046009186974,125.23518402942119,0
90.77262367200919,64.10303737954335,169.28585570522762,1
70.49087071405987,55.12916285913889,130.42749026427384,0
76.75039313408759,69.91686799711287,161.03940239075234,1
72.9918100016496,61.1576424010876,128.53154543009174,0
97.7406358351615,63.26946305135512,110.55170643640928,0
59.474598479792505,52.36439602332122,125.21874117181325,0
80.97689977247278,70.58865001504282,146.70957899216563,1
55.06293397339377,53.87721529887455,147.44343894481858,1
76.6871210451811,65.12443216382965,111.36993947935382,0
80.09051050268134,55.02614141034152,123.79775543548948,0
98.84871093794044,56.905055985761585,98.56099680493283,0
88.96627939221457,63.943770219427236,132.37002937037144,0
76.66858476671034,65.13776356837579,143.30032048583843,1
95.65963719731826,53.64357875442949,120.59699181174024,0
85.17832254529758,65.45236084528497,109.98923918459808,0
85.37566858707252,65.22490247566597,125.40196426916344,0
72.97328492228007,55.31023295577554,126.2618854704475,0
75.09986286096861,67.99323796795555,121.21715747774431,0
76.74902700054476,52.71571185875981,122.68072686503929,0
85.46461273154189,56.876137086111925,117.39277724295944,0
85.77885726980675,62.39501312045994,134.9393239233961,0
100.44092663524046,55.73216857648697,131.0434116774769,1
88.85055167937834,61.31909542839671,105.25345279283776,0
57.92434306327892,61.20538039401647,104.84114095262107,0
87.6264198787169,59.064628650386396,116.18438374460158,0
70.49983643832468,64.1620026929528,131.0525568615777,0
75.34029075388463,58.8581960367118,122.22086120836222,0
76.8783052827367,61.15770534406903,110.35274384816017,0
78.36661676487698,65.73235938743952,123.92277895088745,0
71.24850607959696,63.953431050129204,115.03784220716592,0
87.03482003452288,63.930086454071045,133.20729690336196,0
70.89197714909041,54.2541019889161,124.99587652600572,0
88.56667607249847,62.62396287750661,115.27082718821784,0
107.3697107706163,55.607506045152476,123.47278158069692,1
71.70640941065936,53.59292510110987,139.72572089286302,0
82.15489695660779,59.64146826857516,111.45554885180434,0
59.765426374875304,55.478524066742054,126.03985472470741,0
81.99064707029866,63.95308859419988,118.94309489301007,0
91.42717152631484,64.07267729847662,126.4047552579315,0
92.20639231357266,50.48686881784279,110.18152587606404,0
85.77363730284097,55.85848730211555,121.65503149739064,0
93.89263424758975,52.701066640410005,136.617349236252,0
110.46054535942793,57.686853617035545,105.94489528130839,1
102.123046874376,62.27587834934412,100.05892345012377,1
79.77479070590363,58.78855950910806,100.62816653269553,0
70.48896013533262,57.051203796664325,102.44006204699717,0
80.93848583426197,66.5008826340657,128.92984931838996,0
75.53017234382652,48.47571413701856,98.91210471201802,0
89.51347547864633,66.18435946759112,115.53156982884704,0
73.18806460570502,57.27855853422257,129.27433954966062,0
84.27177567409657,59.60945494943605,126.2498859082289,0
93.3801405453631,57.36318331139946,114.21661530056272,0
83.99304127182823,67.71444052769559,122.86385597632659,0
75.53686177252203,53.8451075159737,121.60717994606352,0
96.74814057585692,60.05868184860968,116.6363856667772,0
66.21019055246173,62.637193259299984,116.8374792201813,0
81.72204944122537,51.94498616057416,153.5314115213544,1
84.58339976618666,55.400509147769235,132.13966355896952,0
85.15908658399631,59.259107332508854,157.20976376268214,1
86.80496056078081,55.56667482657812,112.54555300619248,0
91.10439819809493,55.92204114390425,118.72550104667779,0
84.6459256095465,58.25068668461781,100.01811352085029,0
81.3194171785632,63.24790665823087,107.85649796865641,0
80.92410655340305,58.286411115609276,148.5286972299375,1
78.88484197961645,65.39213097236473,112.16948565237365,0
92.87543324326865,55.01121108670323,148.7892195021669,1
78.53471520523486,53.74038869763274,101.34956608980164,0
93.46771109008245,69.63172702860567,104.19796448890085,0
85.18999082259872,56.71020936167244,114.88153168464868,0
79.78745193143871,53.4454399646392,119.04375117481233,0
91.18407215744135,51.28973029114085,133.84630938675195,0
77.72546075276881,65.37551726904469,126.76155625779398,0
91.38184040728213,58.2934774266997,113.75527113983958,0
87.12726121191785,58.73145132466801,118.0002629022284,0
79.03675310908079,59.2039914420668,115.2140562032295,0
90.28634815334559,65.0647144233489,106.28019397011406,0
90.4658972568864,59.1023508301204,106.68055595097567,0
96.57519605809958,71.72026889416313,135.41825837150114,1
94.66147012409296,60.66880287027114,92.5775260810929,0
89.91274020726283,65.3089238347916,144.26038046167582,1
73.72409048791236,64.02619928952204,114.85508661596651,0
109.48586988174057,59.817763398709815,108.4123709041176,1
70.9638378892819,57.06514506989768,131.09638936045903,0
94.4926317428231,61.659819642832765,142.27824876220677,1
89.31283816886298,62.550493656036366,136.76448662405937,0
73.25857627518886,57.137069759367364,127.52778074039836,0
83.756990611215,60.831694329753276,136.30295234582755,0
84.21247113755359,66.18102489129798,94.252536342842,0
98.05582715810523,70.34973869534839,112.17254187767777,1
77.86689099719788,64.27184660174711,106.33244909962733,0
82.38054993575646,69.3137984319014,138.36958096822764,0
61.63930394978737,56.85312894396772,114.2478297161417,0
102.34762793123576,63.50941126029647,132.68109835173084,1
74.2953175697993,66.69259754290636,128.03785413732956,0
88.26910864239174,55.51833333514002,107.06539595754478,0
83.98592170278135,57.57204943977496,111.19562685035574,0
84.0199903321666,68.68952380917625,139.4072653622209,0
93.09861984870875,55.124505721065304,108.3677602697338,0
101.71262460303635,53.294349836721445,121.87301415293219,1
87.51493669941992,67.63990786819755,108.26188070510332,0
91.55078017630525,65.98381612490219,115.2907171962621,0
88.2889153672704,62.160601219918846,119.30757084045042,0
95.17531423930626,59.77144622677086,108.25700234553763,0
80.37083620513673,57.80737747197509,105.59329569024177,0
95.75390554416414,61.40974436904526,124.29410005166163,0
96.10499865647384,67.89903478700775,107.32893886813235,0
95.8253700868291,61.19283063071038,107.84013666451992,0
78.39852132663523,70.83479633623483,105.91420284447044,1
83.31662365762809,55.51029007179885,118.83137930503023,0
87.39466988780435,59.901596228358656,134.15552451599763,0
71.29157955170994,58.134706661680426,142.597929544684,1
100.94920208086015,54.57429228418834,109.11122871009331,1
84.87723466497825,59.23458133495172,152.25466189996817,1
87.83927887604722,62.086646508302195,104.92942708939806,0
79.22995560272797,62.62115089976015,136.25322784991803,0
71.73122440632977,70.85226089472278,109.17455318976836,1
78.9597011452523,62.3223373486178,106.93615095194984,0
87.19204187633588,65.75068401839808,108.82865764823417,0
91.73428812753693,60.33047123149488,119.21328450526322,0
86.61791540602721,68.39027800226297,128.69958256550416,0
88.4672401624195,71.99224642794034,130.04802056857233,1
81.62973625318624,62.65542565487975,105.84022476978167,0
89.96248566245428,55.036704922742096,105.15511068733097,0
99.82832866385907,57.25597488611416,106.25041959954679,0
92.04789442438987,61.40967151602581,118.32968396421734,0
93.0954188825294,62.282490176253226,116.84766593713688,0
87.9401639930663,63.49212567192186,105.74736806895308,0
69.96844930400398,62.3009884061502,124.04405541094866,0
74.55333469368756,60.0349245812797,153.93853212502978,1
89.54875800663844,56.81900779398936,112.42926807247272,0
84.89060948039914,62.00569130632115,113.497322681947,0
89.39842886472827,69.27493678740328,128.39492355486553,0
101.76423417844073,65.09964302713877,111.61775562394807,1
92.26035999229333,62.67351974818099,130.03446722577274,0
97.58886205742822,65.14783461911375,109.2218593983144,0
85.9468138947073,58.14467985549574,147.48179411365953,1
76.9278432251556,57.4586742695834,125.17162458888441,0
84.4213384078566,56.26107447817009,110.69965576384932,0
76.95248186280863,59.37356688615281,111.16962450796089,0
100.58294956772448,57.889970516454596,112.29300370937948,1
92.9039107653547,66.04137370326069,140.5912449937331,1
90.2051249662828,57.623382911589054,100.96873488598075,0
97.35943202228103,55.98639141887542,109.98087494310744,0
64.79943585476775,69.71288589415316,111.57509164611861,0
90.8813795134266,57.743123844593285,119.76468049864593,0
71.89354215695627,60.76764228625176,115.93335461029808,0
84.92744301534339,62.25661412371706,97.63158252914306,0
81.88292407532785,54.31653440539593,114.00265974606799,0
91.61736612096948,66.17741884751534,118.50673975222547,0
87.28187288960956,63.185595202056135,110.57853247380325,0
98.45117173611789,67.7919200594039,130.30163233571497,0
78.98102839067387,56.603890313909496,133.79112643130472,0
92.09114389633284,60.4956289623808,118.82419950405911,0
86.62223216898832,60.19677877497098,123.45812380276094,0
68.64709729928447,61.31944247175011,87.58416003976095,0
75.81383541476967,52.726926257114194,113.68345841757252,0
83.50121966477832,60.55418189346111,135.0723253763687,0
96.12292449891727,52.86768044288127,113.64845125231084,0
89.63723057557115,61.79167035598461,108.94107485412059,0
73.32499176119286,49.3567543774074,154.16533389046396,1
83.59683771952841,50.74206582854707,147.28615785293707,1
105.1780644879303,64.09274358219999,127.01362368723235,1
86.11223334840858,57.26580772402609,137.08365917220073,0
81.72674424927604,55.0607096318388,86.61096873062883,0
89.91739640756221,66.35422810537774,108.1867283905694,0
92.6339307958197,61.638131086642076,112.95063190240273,0
80.43831652519941,64.36045097766892,116.4602985169958,0
90.02574774371438,59.16878963839585,112.65083968539057,0
81.71110503329191,73.39814346950001,81.7496056272548,1
92.19327601829438,56.97743069720102,125.7903692806284,0
86.69693157971284,68.72247774679944,128.1548119242091,0
89.81967827052893,59.69316979950044,144.02848187384973,1
77.40816453832495,51.727448025436274,108.17536102837555,0
76.78713615927141,62.414243728740544,106.94755263330147,0
94.45497304659395,61.57381280727582,79.80023271053297,0
84.20603618614506,54.74339092880385,115.59649745113671,0
87.85034742099361,55.38890361432642,133.51667671593256,0
81.9360457291348,59.87651178457504,110.82348206710921,0
93.98726774013645,61.74873907623991,152.1516722781547,1
78.92190019970343,47.646683585603,116.15107746315715,0
83.64398760099117,65.26560726261901,122.20488426432833,0
92.85992812703131,57.527510130925116,99.5534537912761,0
96.72967699164266,53.34126257800912,124.3083051776292,0
79.76240708973316,64.70533275725965,90.31020307720956,0
104.59683981955882,59.88191010290772,130.40546932519717,1
88.13241693693617,66.08082888391127,130.8664226435312,0
74.57071738191263,62.189761314898774,140.38937136504765,1
88.69052048589968,59.99242748525977,104.70046921848467,0
81.17000785516542,59.23635027509922,122.40843177446129,0
89.34068487183177,62.413563802780686,128.45724839079756,0
84.57143752339663,57.93234370595335,126.63422457495464,0
85.74273690190145,55.7371370562675,107.02051087297723,0
75.88406623413854,63.04954561327322,84.1202716566579,0
94.9006123071636,59.277560792777855,125.20440445326722,0
73.43872632848968,60.16783824034503,117.7125048253512,0
73.91235104595005,65.44689918077304,111.4999411055784,0
88.67360349147486,59.4306169613213,131.459180455732,0
101.0284424717797,60.07516962770895,119.3262069276835,1
81.47406902935593,57.00175244274534,100.21207420848302,0
92.00972322703966,62.15369966990925,91.02821566355668,0
95.73340176863545,61.74913956340044,103.06555102300251,0
93.14684437294069,64.5038756589528,155.8951844215018,1
81.88791710826318,57.10435581496562,130.84165160899158,0
74.08953282805925,57.71091515204907,122.82918512962517,0
62.92452434328645,63.96068699572734,117.27508609221293,0
82.37159500537607,61.261065016814314,116.28910590078847,0
96.78087368562174,55.468909369036524,137.5079397503864,0
73.75834015238065,66.5327703386725,112.64106387144852,0
92.00209847518765,51.50774715799874,128.6538061602644,0
75.49847469948128,63.92142376631876,114.77358074562609,0
86.06072576386838,53.67393982000902,149.10234947752593,1
92.07791614155018,69.42894258242764,131.13432761367454,0
78.40504563161572,52.27700136547188,138.6833522202544,0
86.70484680696914,65.76125325936374,111.23385337967642,0
80.84908663274672,59.59182819994378,135.87204168851133,0
92.05148658938177,58.16698715080628,115.31133861907963,0
87.35317168484637,60.92698328233881,121.65052235899275,0
85.56507674429267,63.15950169578907,144.52571505929188,1
100.58349960141977,55.47799748834565,104.35837414865371,1
91.62306142368303,55.92106137415714,123.04871596958101,0
78.0964813387371,63.24802432556443,126.5700788777809,0
84.14136099202238,51.463285231751996,127.80006571201216,0
84.2410121492034,57.07885453403957,113.23823260359802,0
85.80319572625211,75.2034347707972,151.29396151212123,1
110.24509276607495,55.1599351770536,100.57602171989609,1
88.70851892710996,65.73901395879876,141.88328082948703,1
64.64097429895224,57.07024615643094,138.22598408387458,0
79.57201028283035,62.54522572398572,148.51333184405527,1
65.67627912504192,63.27177845298109,96.17659351938269,0
81.7020174295416,65.64478367591474,106.96752768165435,0
65.12689770273572,58.998730865936125,142.3791458874246,1
76.28409528931572,69.94442319377427,91.84441268054536,0
69.7927847036588,57.0533171770741,95.90311648439379,0
88.84160177967478,61.1711020679978,112.67538319932763,0
85.0053936262888,61.22638466108804,122.87990682933402,0
88.02962307498731,54.39015940025293,143.8833761047316,1
83.95448611431473,58.570638725104395,117.22101127604463,0
71.05702249795583,60.807567496192036,110.87641277903191,0
90.13521369254735,57.839394784352905,124.6708490654464,0
104.22224560269453,72.20461982728267,127.04394724941601,1
89.09212578606547,55.806881632002344,126.61859733255407,0
80.74075400682435,65.89712234070214,117.33020688072982,0
70.71932823894555,64.28229906574393,90.67370829122775,0
75.91933029240035,59.930689327478646,106.23576016340502,0
89.5303965657206,55.673954730738764,141.30406627901192,1
95.73118026799375,56.15872339804115,122.806034069649,0
87.60866174721976,57.41016350391745,115.16216821339415,0
92.99887289705984,51.07129359026868,136.77252822560962,0
92.07678244027242,54.982672871003544,103.04825051446578,0
90.06534391385918,52.58761742318179,116.61977799430488,0
78.41526404738744,66.72937501588858,122.06637607761056,0
86.73923511975153,63.09231196194109,113.37933745058056,0
76.51622196117862,63.929870494327304,121.51144234352398,0
85.17428952958102,62.94415975770974,117.18459102867352,0
88.30863531066912,60.83483811667082,99.00985428321188,0
101.78783807386856,67.30340166064569,122.72216822818584,1
71.90268025632368,56.94618672134131,100.07472312730698,0
89.81507630991305,60.53334827683523,122.48422687645083,0
99.81236591623595,63.73529413912062,140.61203736225164,1
92.58847765838796,53.393953840719355,115.78465204085919,0
93.32945442825041,75.48294448071275,102.4277530504352,1
90.87694901867812,60.14282881388793,118.09518280192529,0
97.98334489775417,60.70994725287797,107.52043337882203,0
74.12521831887632,66.2843901583746,128.91763503947203,0
71.14073334029753,64.57477666505112,117.7801687871572,0
84.93665859534744,60.1903900969823,145.6464487749686,1
63.3883789642829,60.65064719049021,137.44484393516007,0
97.30645804178012,52.47925734526011,117.70379243277895,0
97.20715195495441,57.21767111075012,130.73413601959635,0
80.66649444915474,62.5860510807948,114.10145386255732,0
81.29229403339491,62.219464195214435,120.50935327747753,0
84.27652524849329,66.10582875002044,114.57848705474531,0
85.5202065043962,59.39749470888338,131.49683939774565,0
86.27173919194286,53.063567432845666,141.49482415064367,1
90.58232106878303,65.28365215387839,131.97972310786716,0
83.27373646991522,67.18044673091008,133.82904901928035,0
94.43193303477794,64.49122286428114,133.84550155853594,0
89.45947777125303,59.18183164571254,128.26883883502066,0
78.93036554127364,65.2219302593829,102.91070761184598,0
98.35112667804097,77.14455239004107,145.5145727912475,1
71.41743013877513,60.57576157220238,147.06616240047637,1
84.07834189178523,53.44131653877437,116.49180595029948,0
94.66917401075467,57.06857475223924,114.43953127175728,0
77.76926895087855,63.12738000152025,129.18617479373063,0
88.09555646767151,51.97597844550968,128.26219252775257,0
90.43339596999049,60.84701537456035,116.97080896870472,0
76.39476132018761,61.90168325157941,101.24961516618593,0
84.27522280405965,67.67560869906326,124.58551786124666,0
83.4349616979079,66.5509742802715,128.27154807263318,0
79.48262148167707,64.32292395875885,130.88731722058196,0
108.01674852050775,49.186604947427355,125.23939158531311,1
77.36893646554525,64.60526564023962,115.93327277457136,0
95.04930294067883,63.527566930301234,134.91003059259418,0
81.07198983118857,61.27972188539173,120.98772746348878,0
74.13363811114718,51.34888936927257,113.0261547845292,0
86.02814243155069,56.116130454064695,117.29019926931419,0
91.49093384387501,54.16588615232967,93.81046451287527,0
94.2050957506568,49.92495780246455,117.26637263732192,0
100.62265110655069,59.98542424292603,130.32654779812003,1
114.45246289935099,56.010889392786105,125.09674533208845,1
87.50514203755597,73.12652790134456,142.8099625947178,1
78.36907826174613,59.15614030281045,116.05537628976444,0
89.52874326794891,66.4687657793298,127.30969744579974,0
82.33787049593508,52.15450487653388,131.89110264458657,0
94.2596612985223,57.34955206997565,155.14285512431113,1
72.02835703634278,60.484489380171574,122.17148236676461,0
108.68334542400437,55.459230256961646,104.33719231703965,1
93.56048094775512,57.88899657597628,132.71893130032922,0
68.15995982203836,58.91024546878231,147.98591033952687,1
77.90971097685028,58.83046007277553,115.16176934660068,0
93.16081044113939,69.27559286517673,132.61622307909624,0
96.76344056171455,61.89113142715755,138.4309208284338,0
72.27762372768036,62.397552814706515,135.2559831595523,0
92.13025850432949,62.698273871725355,121.88337783710367,0
65.52660127338076,63.06313188668556,109.52289362680281,0
84.10664134528955,59.58556508062567,118.78080677979621,0
96.12046842103206,58.39626814260577,126.87900680816446,0
79.4848426989702,60.834080297591385,133.62333786137594,0
69.93077700861987,65.78401974456736,125.00917571998559,0
86.46214796377559,65.63119094218192,114.30138050189134,0
78.95281133364522,58.79800762155794,128.33069484224654,0
91.29558366065835,63.83921847334056,132.9012760161423,0
76.1467356778194,59.02707668480166,125.69415084621721,0
77.273631103469,60.16935274717622,107.45719328192513,0
64.78997679123756,57.63238309222901,117.27890947924215,0
86.69944711051482,59.09177430546883,134.217311646187,0
83.39095061723401,66.7066503477484,99.25473286883289,0
73.1161532925993,60.46210573669618,88.60232966413261,0
86.93798713767092,60.67641254276159,142.6212427521603,1
95.2707030064414,52.76391110371021,127.6712288253282,0
82.8443205658105,58.45378046183635,129.1009500378016,0
87.68166949821973,58.79342548127636,103.84774539559416,0
87.73311249585164,55.85428257278298,131.06292095199808,0
72.95670172821039,60.108327058517816,124.12873031352547,0
105.56585820707596,57.854088548861725,96.23508633227405,1
80.29150169877715,60.39997927621791,141.36425121410787,1
91.5611620186027,60.60751504909467,122.38024985428093,0
92.6921527722905,55.22122821088678,114.05874050881097,0
83.60404872884249,58.00649108758405,114.33015381022173,0
91.06795025059634,60.386871413804165,89.77167141851436,0
87.45819221816389,65.92149715578363,128.90004899447044,0
70.82360242772594,61.283595863978704,123.92785810868588,0
81.67727298749912,56.69032410041286,117.08879801500358,0
78.87449097645938,61.995023796219265,139.17727811177508,0
80.38254958653873,68.5377444466088,99.24211471506231,0
71.95996822163362,64.58353236294509,111.04841285448578,0
96.2643371674603,62.7376326521781,107.2498761785942,0
101.01992654613413,63.62795087741161,115.81807530342671,1
94.78002975998409,67.19977020714316,121.01205037885835,0
97.70529224147143,65.3781339700883,126.45020285717032,0
81.55365162991843,62.83380190558829,114.79539820342325,0
78.63743165013963,65.34321109795043,106.83966397267659,0
77.21412953188289,54.5917445186797,145.29010424655667,1
91.44064922957223,52.488673738298594,156.17460287682854,1
87.2706305314415,60.78549325321915,122.14930007823038,0
84.22778288401574,60.343403548252695,108.648294494687,0
97.95148544195342,57.28044973243371,142.13181196563443,1
89.04941353815343,64.12926334913854,98.29864340507302,0
76.61342362479415,50.68568206774382,114.97840012942758,0
78.19091170864306,57.32613871971098,109.55824422980547,0
91.81993299254145,57.57522227561193,102.60696674324267,0
95.41732852654597,51.8184910745027,115.79963650617346,0
90.5168023225597,67.47365503634651,107.03741881239053,0
103.96888747872082,53.20399365668339,120.18981696222981,1
101.35007165731419,57.05829971346157,120.40765751508695,1
89.41035834850763,64.53989878902567,110.68002414717031,0
76.61419340518498,63.23022671714366,114.44229965109196,0
71.90012488268232,54.459126517576266,116.53726548144434,0
81.12618254985286,63.41244604630318,132.14769091679142,0
92.53213446416157,61.448922393291106,117.77355898403721,0
103.26647079311938,71.66517781055734,132.37052611179146,1
89.174470344108,62.019702080341524,128.78719475331982,0
96.68722794231236,59.29379089465734,128.57296045351114,0
82.54692513812198,55.717490214402886,140.8176895551896,1
91.2276912522755,56.278783165222144,103.20913680381136,0
93.23356829477173,55.87115452265921,112.9022534053933,0
65.20405724147471,66.85549406955961,146.44948200449355,1
80.8656119762349,60.089849575082354,116.140252491161,0
94.4970038427787,62.82623561987365,77.77314465141225,0
87.74468335636566,67.57123799990444,116.95547485278172,0
73.03484951849067,48.20767928896267,122.02409295244874,0
60.69877624272644,66.39436882350188,80.74330323853184,0
81.34219254697993,60.27698455891667,140.00903459831923,1
84.28414307106121,62.17524185820222,109.29431304201597,0
76.16077050171654,55.85798389125874,124.92844672781273,0
86.43084937027994,56.22437800775741,116.61027681983907,0
90.06386747232895,62.44422944906494,100.67472871193938,0
91.70687170726232,71.92298900165734,103.9423779804687,1
61.440810750676775,65.01656656407451,105.9737574535868,0
71.8571490219188,66.3276146070927,136.28507863775457,0
81.95377351645264,59.0399936486929,117.78692717849772,0
90.72173131037464,56.998978877071856,112.1720172517238,0
89.89234013550036,56.095975242105034,105.98086631114653,0
89.71869947876675,57.55863137651656,137.9422533228919,0
81.16582058031068,49.73608783414737,141.9630190878538,1
81.7236656269004,56.37540328554199,137.7711584806002,0
77.7167073157826,57.19823421970079,127.3865600873125,0
92.68194128105849,59.12320912802579,124.34745062806067,0
75.79511212260422,60.65875054873646,101.76093273036147,0
93.5003639518957,61.81225434312805,116.31271309933413,0
87.07853238137646,59.9253731377852,109.74209694980345,0
84.54955521544846,57.09278456828621,92.61731836522935,0
78.43289600223534,50.1832067836724,135.8556512874805,0
71.44458138835874,57.12345695799103,109.56255080411587,0
78.52347243621955,55.13774681156497,137.9391286115296,0
81.69993131375114,62.33033374139302,133.2261960114002,0
61.309756884187486,64.54643698346847,128.35076964950127,0
83.02644844665336,64.6928553352997,129.19326107644775,0
94.24357368026006,63.7847636806391,110.77029176889438,0
90.67217905433873,59.33237132273756,147.86775226935998,1
80.03794124258492,57.39022217262052,120.64688146429573,0
85.46936298415228,56.26448623166467,124.52897527678056,0
79.43835430578001,52.46250541699125,110.26385499650041,0
86.48760733335696,64.95926850253929,106.0325210883456,0
100.40107823744032,59.12644481035013,127.15944013214136,1
94.68498802624876,53.76829853189563,123.26270243908178,0
90.20794305692753,55.867543121448826,108.15971451146135,0
80.07115087616282,55.66513271783724,98.42359921836893,0
92.49938392944838,60.215122425075634,100.9511536900868,0
68.13123048626947,65.33733925535343,137.9420057563666,0
82.4764651800911,58.260052252022085,110.80119278024893,0
90.8371141982395,48.73733242608175,114.91637181486249,0
92.40421214047751,59.0540983242054,141.75510388138593,1
91.6988449021574,59.21903049951402,103.16774157770378,0
87.94830689209695,58.875398845322394,109.09507761424415,0
83.04275020916117,56.86269416762149,108.46849757158961,0
90.37975969826489,61.08719540362921,144.2710272174906,1
75.471389594137,60.33070557574501,149.90075250873622,1
76.5532273670675,59.87584842936676,131.27344838103255,0
85.61734676460297,62.063206807214826,131.7507708623136,0
86.73197642708747,57.85083588426073,111.29467495720903,0
66.74384821435353,57.56707165149673,149.20992730356426,1
89.55146380949519,66.900616447927,124.01544381537992,0
92.72728377919394,62.796777048577184,132.7966539667461,0
84.22714762533705,64.134730304714,118.41712591843569,0
108.74466283283992,66.13052292667034,115.97951119008584,1
78.17064893684814,62.629720903124,144.94563389394176,1
81.3891283661313,64.64194339568085,128.0958551960746,0
81.0493309387279,52.1032741896487,141.77063191605572,1
84.23812388708983,61.020769359980136,123.82992257617566,0
81.71275187033709,59.08640769092836,107.27450195365364,0
70.93189455395128,68.38842045449904,111.24985600682268,0
79.53451703763524,64.6382276590165,121.54447863696916,0
84.02379304225924,56.847774046034104,110.6024967593501,0
97.28572082061997,61.86397079264603,103.38807887058465,0
107.02243273372913,60.8384066672462,138.02125547680538,1
98.35473897850655,62.27165716576114,111.82694893764732,0
77.24620970327393,54.90578765312674,122.0728912168698,0
78.04190389373835,61.800082326191124,124.44200384828407,0
83.4067142249065,58.85924325355883,111.17770312019147,0
102.84558888853586,61.412248820278,141.7619919946311,1
83.34575947818107,56.37807417438915,103.24287358193081,0
71.72492509462569,57.074684143017,123.92437895371157,0
79.98822863046965,65.86921010183352,123.69176559564876,0
92.57056001819417,54.742262208299195,119.18618095703778,0
91.89940276896087,55.11122799478976,100.54631080092025,0
82.99783333508344,59.74209371392211,133.06226327795196,0
91.83414673560031,56.14054812407023,131.15266005501894,0
62.268277974531685,55.574856838686,109.86647207113175,0
86.03829235032698,60.525379856041475,130.6123081080804,0
93.6068542136863,52.47467071548148,125.62361529451164,0
76.67136724845464,54.960188825431814,100.79081781958337,0
76.63661463503712,70.27047791461821,107.19106628142964,1
66.33551847236525,62.29737529484505,137.0742216733437,0
100.89895594810694,56.267183238650446,124.64124277713076,1
77.79846022978434,62.09107539133099,111.53545581284061,0
87.41043277862111,62.836652384933146,107.12286163241038,0
91.03917041483375,64.97207210045119,112.26909302826868,0
100.12067949141453,59.364219852716346,113.33280705183444,1
83.46102226014365,64.88248851386444,107.31055451056122,0
79.60570206221581,49.80776737558914,93.87353831425047,0
86.73067648570553,54.718459347621234,137.1001992960118,0
97.84080276542286,60.81935700868228,134.55950508917164,0
83.29827468599217,61.64816766403896,100.90116822289711,0
75.45130918415924,55.44108856165679,122.04466943345501,0
69.59242191684638,61.2970999563158,106.4664269592785,0
72.78702615394775,56.8807987565637,116.07649165160197,0
93.64391497406665,58.61520452886417,114.82850130189516,0
81.79375523693189,65.12386900332505,113.58248676423192,0
78.9247909007929,64.544687484443,150.0442062611443,1
77.84032776816058,55.01469836318369,113.39511472985714,0
85.85045860200182,54.71374268989948,107.87604262399613,0
82.60544906234416,57.944133022233416,108.56127855754428,0
82.26867856280748,59.866268494135376,135.65665434602633,0
98.4932392781074,56.7105075571263,95.21846502460598,0
100.38016281861633,65.20321221399834,108.5606562534672,1
68.89978327091004,61.736949208542775,141.70234260167302,1
88.27592731142957,62.03042554937215,123.65979281996471,0
77.23137901378608,53.66730585527514,122.8788300755417,0
82.51748886138907,65.8364535869189,151.98219690215552,1
88.09278385126694,45.89915588879654,123.69521929422748,0
82.8728008306908,64.17027725924684,109.37720757960626,0
87.30459880627633,64.67155868835385,115.76884414685478,0
91.72970206031917,57.83799406361019,102.96851536454147,0
87.9457680054032,66.36455108623711,138.83905560023544,0
78.53163695832376,59.68451223522827,128.61842576305074,0
78.70800393029677,60.31215851663721,136.86621224956335,0
70.60294703381965,61.697643937021084,138.19475892824056,0
76.46079702479281,75.93287455905528,113.786838286087,1
104.62068361898528,66.72216954041502,105.82870721986666,1
77.07996425904756,63.50565600356459,119.22430333037931,0
73.0662118755618,55.435977566994026,106.90858393817193,0
88.19927861844774,60.71794912739746,122.47435313113537,0
83.8963524070814,55.93437953076807,136.98145321252034,0
83.04406763150774,64.11055423641406,117.4779053092625,0
99.0904596641209,60.702334878674286,122.24992634861609,0
90.49126675558365,54.377391601930526,118.5923157566495,0
79.70007068296525,60.405622917092515,132.04091358656547,0
80.7552408240822,55.75291265141847,109.98326408567564,0
79.97413486094315,60.75608110668774,87.0533060753535,0
93.74739621580257,55.704613418173714,127.06303289063071,0
81.91852370546863,60.13743816680407,134.8175163196199,0
67.0684649754585,63.75234930967547,126.69561367137804,0
84.51680321265655,59.73474004037447,110.3965425679798,0
69.62973998872071,58.045558664138056,102.97481852720897,0
106.84230601754902,61.016381105287316,127.41746297670483,1
75.34332086152769,63.485913103964265,122.1221842940201,0
83.38135234642269,54.4640836505912,118.11311058512506,0
87.58202734701138,61.30328077352601,147.33695014490687,1
82.1134183932077,66.587704095087,105.79799858728002,0
82.09969598533807,62.86828481638358,146.62555531691197,1
89.21827286160877,60.288770733336136,120.4767585730596,0
100.26215958796278,63.19868753349447,92.46644284693687,1
92.67509081817298,62.26248228051341,117.31196018521288,0
99.78513878573543,63.76800554579907,134.39244114899162,0
74.53380891906498,49.88034194508528,114.52417450792544,0
88.17362633255361,52.232719331683676,97.87832188142407,0
86.5524605205828,65.02414574741618,117.53228202305745,0
88.51091291676735,52.4736041191928,107.14241439162441,0
98.76231970635573,62.00769317859603,127.37721601631944,0
82.79210850207946,58.239751719838544,131.60099724101417,0
80.94496633445912,55.019053772020015,104.1559438837784,0
90.33980797418664,61.74824878573737,109.41293917326526,0
67.21797272434152,61.00516751858285,131.34963697660407,0
82.63147950877821,70.55171326048189,107.11733582551561,1
83.65802310714547,56.87594397732055,103.76762796258008,0
75.79641383693075,67.20055060034586,102.31963302305618,0
95.57059011356577,61.76211457192157,125.28057919437181,0
74.37759682656716,56.69489059228644,124.63736579276197,0
83.64126951636204,63.996232287586224,109.73930954431438,0
87.93157225322969,62.828692522269755,120.07628094192351,0
98.53451561476119,60.17921647429024,142.90698576232697,1
84.89443565119147,61.33147678220312,105.38909764622667,0
94.3615359412821,57.01506484477234,90.72386086484326,0
92.00595397277128,55.871064373727464,126.82613363580556,0
86.23457556169143,63.79721086911292,118.34398254147618,0
74.10486591726544,58.88030287843363,109.34962369777348,0
70.65419139095651,59.59958500875454,129.7812035603236,0
86.06505401419186,61.399107979721386,132.58837717003186,0
79.57303126097386,61.32644172391904,86.87582970179861,0
94.19261091681292,52.85336764512968,110.21103136002768,0
92.45856518098577,66.4312604322743,154.76274346795282,1
83.1538900556295,60.60591075950339,128.75107373697287,0
73.4228707605873,58.986733685889256,130.14155457445725,0
90.10735549607273,62.15423002584873,137.59341417947218,0
74.82050553864849,61.18271096807432,120.2560323779959,0
77.41536077069135,63.83531344744851,131.9502624013743,0
75.20584261784846,62.6899183607547,130.77093065755804,0
83.61498978060047,63.58923114498133,128.08562245129139,0
96.70192334070562,66.75496952863757,115.16982044073893,0
84.94959129776471,64.41812274485486,122.58088383549388,0
80.56781307572304,59.19756889835719,111.17457653539833,0
69.74385069954755,54.385494219615836,120.19221456849742,0
90.52124584729843,68.33898966502258,102.47263661851099,0
77.19595394071372,58.811383133264435,108.14064013090571,0
86.17517619158096,57.63446293319739,115.76531937112605,0
81.4578138408336,51.316365911177805,105.84441852854886,0
93.38177219599437,61.69236552656056,112.42474093882235,0
83.42763607971447,60.74443301976885,117.54111034866726,0
84.41073645476948,52.4244253187526,126.03393516996566,0
89.8574714745546,62.266370210665876,134.23885952779364,0
106.06940182263186,57.50904039649281,113.04323442932838,1
93.88446930358555,73.45157503644347,140.02656925902937,1
84.1139389365139,57.15319403954566,134.0791661793824,0
85.03197990615288,57.82403333901103,127.56140747915913,0
79.75140539675566,55.626118878728164,122.30473693944928,0
75.50004296480304,66.38938260520986,124.78681262802812,0
79.47249212933679,58.13612102767623,137.80576725999572,0
77.27851036288058,56.37542923117252,138.3536948963891,0
91.53368383795885,63.534775049602715,140.02420092575466,1
74.28805142131014,53.09823532293407,120.61990247815504,0
98.33210561380044,63.12555273124474,128.32450747497919,0
92.5204638361883,68.90699858300428,140.15319759933078,1
85.20501729367669,62.833039164175446,110.6442594762541,0
85.00318611465069,63.18949158129963,115.22374719422544,0
79.42718690385446,64.35030108453742,120.24054994520218,0
87.70084411347764,68.5485401433776,133.4939810696911,0
95.8809246320859,66.04946980009552,133.72758226077934,0
77.96843537744186,62.19834861136512,116.53703833203097,0
69.66607911081269,64.51945700318001,97.37085818430435,0
92.03218254856743,55.570325372674446,123.69275916443951,0
88.243659742438,63.88146795373661,106.22525794007399,0
73.7980119855882,54.97222014408126,97.65095693039666,0
77.66608629085881,58.16488790684187,101.04192658899424,0
76.40895725949859,44.58718912428381,124.89571511768341,0
77.75467730965751,62.00714829683731,140.4155604139921,1
81.76317245958812,56.78063994445824,120.58341774354366,0
82.33452695719252,65.55572607602231,123.17070981968948,0
78.4920634493154,61.95096305302702,137.7434240831689,0
77.41836180500071,65.62047947350813,96.83317636374669,0
82.71215656080618,54.58201727663731,127.80264632400407,0
86.67691534859561,65.19193018579816,119.82615323521769,0
81.83703463635155,70.52928172181663,128.490861882481,1
96.58667023341302,63.82079149965947,112.74774137394276,0
90.08087714420786,63.95174504346144,107.73094064360276,0
69.09154143141305,60.84798838197467,122.10763356428409,0
90.23727765413854,57.37665609717318,144.73786985001692,1
91.05543982585583,63.80596186350754,132.91365156812194,0
80.65265031875809,52.46958544798966,112.38460844729863,0
70.04802412696844,57.91122437539592,99.8854194602808,0
85.08066759411136,51.14471598831409,94.76899074453323,0
84.92291348517756,56.481718113424584,139.74149177775723,0
73.78353763466805,63.21022545946781,105.67376567796259,0
70.48780783740065,62.52696688110232,115.11729880507595,0
84.1244645354656,60.25456847767737,139.81816689116366,0
82.66922807949177,60.852004970310055,95.79147816781513,0
80.82734634677607,50.570676910678955,142.38396764212587,1
84.16589265253438,58.137188597145425,116.19539319161247,0
73.97223626179681,56.59324196782395,102.77125027141892,0
80.65179387133885,56.7047015474273,116.2897360927663,0
90.33325030614347,62.997893139068765,109.16104827897783,0
81.5002991964871,55.697463367473446,126.61229698358574,0
68.28027528207448,56.97659574936294,110.27801349168334,0
80.27307722276429,49.56465377145242,91.32536683621436,0
74.2984153649314,58.52938409811915,116.69156198386516,0
87.6713629646173,54.5608122614319,99.65182421570191,0
88.18837403380425,60.39601464344822,123.0647982598248,0
68.4122537491397,55.244459766287676,102.19304501575013,0
92.5901297058219,60.52271122774608,112.67980795241871,0
73.87813698721442,59.27657119628829,122.73881706321504,0
100.59182290482352,68.3602088652116,116.81311912448595,1
84.51223735499383,62.48608990226597,123.75645424501568,0
72.53606501460838,50.80181063718848,130.20430748576635,0
73.58013929307319,53.67555577948646,102.63099450403041,0
88.48095291787345,60.27604004496167,119.03403689062938,0
81.08700110101623,55.35076025803674,70.05744303737806,0
84.0334609038186,45.158157848820736,123.70999952523786,0
101.1278023269704,66.74773156916872,115.48778804437737,1
78.00755935770925,63.60112008452704,105.24825354783043,0
85.59962857695706,62.60488436745886,124.73579133444787,0
99.19844487373054,56.963384772645426,137.590463657776,0
87.705134754664,62.138383855049646,112.85973378601585,0
68.93397264641995,56.47819837889559,105.8277826463742,0
90.05389011732137,61.024286501088454,122.47537893658067,0
73.36997142216556,55.39708387081761,99.96590000030459,0
99.06807528732965,67.58144225278006,110.09427944196692,0
76.77132395002022,52.14881672959078,138.33603242475755,0
114.69509507745664,66.16141914755416,120.93268844718432,1
99.67375988327679,60.19457914008665,91.8079955408075,0
77.03387430372021,57.55266502329005,93.04512529080898,0
85.20013805001611,60.835014608478694,122.43128538970163,0
92.53644281633464,63.6667400358909,132.93585863876532,0
92.83660474226707,66.83373368347199,95.73567812060774,0
89.42336259976197,61.56571511566766,126.74568911244762,0
97.5215903696611,55.54651957368861,139.95515261234578,0
83.7703105336563,60.278150618828946,148.31788481937957,1
81.33282331423968,69.08396618331186,124.96834139789814,0
81.53136012075389,66.73839042756312,127.6020389182871,0
93.58373231972128,64.5438173906218,88.00223358557784,0
88.65181040302646,63.97843510061193,151.49628821993983,1
87.91283665690257,63.497250453032706,111.36764680355817,0
92.95234249257182,65.79377417254935,105.99793262362438,0
64.48947592146145,57.716856071390474,116.17190798340563,0
88.1006882387515,53.22456967112497,142.67510121278147,1
87.18568888873716,60.345017503685305,153.12069071315324,1
101.68808081300705,55.91209206611155,121.88113019213766,1
69.71412017736333,54.72489622311408,134.97126258905482,0
100.57186632376758,56.398607117060344,120.64806073028255,1
85.75409128924666,72.42656962266844,104.43306790472724,1
89.88989530660045,60.68062317037922,142.15115506182437,1
101.75918787609376,61.809539181804944,110.66808779465417,1
90.60761268005572,53.88818596497873,143.03296160057823,1
89.00368289462561,50.781235206036854,139.47811994653625,0
87.42291185802318,55.90473678440597,129.21054395935812,0
80.16521865005623,67.19097792604374,147.4346213438153,1
84.71510875489606,61.671377330382604,153.48519049778608,1
77.84487233877252,62.99297545722196,117.37134955553533,0
84.55433100574518,63.692830196010306,107.86808822375353,0
61.64069302944903,57.04325310100861,92.03595244115292,0
89.29039567567548,66.93982791986684,153.67023383145386,1
83.78262746216375,56.83596200388909,113.40476986622326,0
81.63796263333236,67.03116179631276,137.0255528565261,0
87.19758083940143,62.211510780676704,108.88116948735775,0
70.6643607703456,51.05477422876839,143.07398461368052,1
104.29269996621282,56.25995256699733,109.4982361227688,1
83.97232538512401,51.07530733563948,102.12421299573985,0
83.5415556702781,65.81641066397104,116.87240353569375,0
75.34603789867077,59.876322895988,112.02336448557544,0
85.23946382449262,48.8582878002511,128.9444967819182,0
98.8695989027328,61.87873440859829,119.22907609211215,0
95.35916209432034,57.3141786880584,129.41553591827883,0
93.54437751140556,52.580970724833385,115.63467790372059,0
